ID Client,Age,Sexe,Revenu_Mensuel,Anciennete_Emploi,Montant_Credit,Duree_Credit,Taux_Interet,Mensualite,Nombre_Retards,Incident_Paiement,Defaut,Nombre_Demandes
C1001,50,F,741723.0,15.0,9085377.0,48,11.37,210799.67,0,0,0,4
C1002,36,F,469030.0,7.0,3158505.0,48,9.03,71744.13,0,1,0,3
C1003,140,F,705839.0,12.0,1771741.0,48,11.28,41074.86,0,0,0,1
C1004,42,M,423538.0,8.0,4269315.0,60,10.73,78790.21,2,0,0,3
C1005,40,F,481236.0,15.0,1546797.0,12,7.32,138335.21,0,0,0,2
C1006,44,M,-50000.0,3.0,3547262.0,60,4.31,61669.15,0,2,0,4
C1007,32,M,715894.0,14.0,1064685.0,60,6.65,18924.78,1,0,0,1
C1008,32,M,,17.0,3379190.0,12,9.19,307478.13,0,0,1,4
C1009,45,M,1455416.0,4.0,6096411.0,12,9.16,554570.19,1,0,0,2
C1010,57,M,623254.0,18.0,1507293.0,12,8.53,136322.09,0,0,1,2
C1011,45,F,499457.0,8.0,5274183.0,12,5.84,465182.94,0,0,0,2
C1012,24,F,815987.0,4.0,3866612.0,48,8.27,87216.27,3,0,0,3
C1013,43,F,1469512.0,2.0,8911855.0,36,6.75,264261.26,0,0,0,3
C1014,23,F,1438507.0,6.0,5767180.0,36,11.76,179038.9,1,0,0,4
C1015,45,F,1438205.0,22.0,8307313.0,12,10.72,766488.08,2,0,0,4
C1016,51,M,1403617.0,10.0,3204238.0,36,9.63,97577.95,1,0,0,1
C1017,59,F,848361.0,4.0,3130708.0,36,5.51,91755.83,0,0,0,1
C1018,23,F,218148.0,22.0,3994679.0,12,5.68,351798.06,0,0,0,4
C1019,42,M,798531.0,18.0,6017209.0,36,3.84,173563.05,0,0,0,3
C1020,54,F,1450571.0,12.0,2267640.0,60,9.54,41399.55,0,0,0,2
